City_ID,City,Lat,Lng,Max Temp,Humidity,Cloudiness,Wind Speed,Country,Date
0,stepnoye,51.4,46.8667,17.13,58,100,4.47,RU,1714269152
1,margaret river,-33.95,115.0667,16.78,70,99,4.61,AU,1714269152
2,mwinilunga,-11.7358,24.4293,13.63,72,15,2.94,ZM,1714269152
3,adamstown,-25.066,-130.1015,22.36,84,100,4.95,PN,1714269152
4,edinburgh of the seven seas,-37.0676,-12.3116,12.02,76,100,14.61,SH,1714269152
5,tiksi,71.6872,128.8694,-12.99,74,88,1.0,RU,1714269152
6,nova sintra,14.8667,-24.7167,23.77,82,100,7.3,CV,1714269152
7,buka,40.8108,69.1986,7.59,55,60,3.1,UZ,1714269152
8,sheregesh,52.9209,87.9869,5.53,88,42,1.5,RU,1714269152
9,saipan,15.1355,145.701,32.39,58,20,7.2,MP,1714269021
10,miyako,39.6367,141.9525,21.42,56,0,2.49,JP,1714269152
11,hasaki,35.7333,140.8333,26.27,64,0,2.61,JP,1714269152
12,aral,40.5156,81.2636,15.71,32,100,6.39,CN,1714269152
13,bargaal,11.2864,51.0773,26.19,83,55,1.63,SO,1714269153
14,jamestown,42.097,-79.2353,17.77,84,0,5.66,US,1714269153
15,hawaiian paradise park,19.5933,-154.9731,22.73,96,100,3.6,US,1714269153
16,longyearbyen,78.2186,15.6401,0.91,69,100,5.14,SJ,1714269153
17,sisimiut,66.9395,-53.6735,-1.69,90,86,2.55,GL,1714269153
18,codrington,-38.2667,141.9667,18.62,40,0,6.54,AU,1714269153
19,port-aux-francais,-49.35,70.2167,4.97,66,100,11.17,TF,1714269153
20,tateyama,34.9833,139.8667,20.34,78,1,0.77,JP,1714269153
21,avarua,-21.2078,-159.775,26.03,100,100,6.69,CK,1714269153
22,albany,42.6001,-73.9662,11.99,64,100,0.89,US,1714269153
23,camuy,18.4838,-66.8449,26.75,79,100,5.81,PR,1714269153
24,iqaluit,63.7506,-68.5145,-6.15,68,75,4.12,CA,1714269153
25,domna,51.8971,113.1573,6.09,36,27,4.0,RU,1714269153
26,puerto natales,-51.7236,-72.4875,3.35,78,98,8.98,CL,1714269096
27,dudinka,69.4058,86.1778,-6.85,96,100,2.24,RU,1714268925
28,great bend,38.3645,-98.7648,19.07,72,75,3.6,US,1714269153
29,waitangi,-43.9535,-176.5597,14.34,82,52,3.58,NZ,1714269153
30,whitehorse,60.7161,-135.0538,13.43,19,75,3.6,CA,1714268914
31,choyr,46.3611,108.3611,4.51,28,100,5.36,MN,1714269154
32,port mathurin,-19.6833,63.4167,26.54,74,19,3.38,MU,1714269154
33,invercargill,-46.4,168.35,13.34,88,9,5.36,NZ,1714268859
34,hithadhoo,-0.6,73.0833,29.45,77,100,6.38,MV,1714269154
35,east london,-33.0153,27.9116,17.85,75,100,8.5,ZA,1714269154
36,brady,31.1352,-99.3351,25.64,69,20,7.2,US,1714269154
37,guayaramerin,-10.8368,-65.3614,24.84,89,75,1.36,BO,1714269154
38,yellowknife,62.456,-114.3525,-0.71,61,75,3.6,CA,1714269154
39,olonkinbyen,70.9221,-8.7187,0.19,75,100,2.41,SJ,1714269154
40,aban,56.67,96.06,6.8,65,100,4.48,RU,1714269154
41,afaahiti,-17.75,-149.2833,29.93,83,75,9.84,PF,1714269154
42,port alfred,-33.5906,26.891,17.88,83,100,1.34,ZA,1714269154
43,zonguldak,41.25,31.8333,11.06,99,100,1.38,TR,1714269154
44,ust'-kulom,61.6864,53.6902,3.18,96,100,4.38,RU,1714269154
45,robstown,27.7903,-97.6689,27.19,85,100,10.29,US,1714269154
46,mejit,10.2753,170.8646,27.79,80,47,8.41,MH,1714269154
47,djenne,13.9061,-4.5533,32.27,12,16,1.28,ML,1714269154
48,tibanbang,6.6315,126.1055,28.32,76,100,3.05,PH,1714269155
49,papatowai,-46.5619,169.4708,14.95,67,6,3.84,NZ,1714269155
50,stanley,54.868,-1.6985,5.43,92,100,2.73,GB,1714269155
51,paita,-5.0892,-81.1144,22.04,79,25,4.56,PE,1714269155
52,hamilton,39.1834,-84.5333,22.43,71,0,3.6,US,1714268898
53,khorugh,37.4897,71.553,1.58,85,100,1.98,TJ,1714269155
54,thompson,55.7435,-97.8558,2.09,32,0,0.0,CA,1714269155
55,tazovsky,67.4667,78.7,-1.63,97,100,2.41,RU,1714269155
56,chonchi,-42.6128,-73.8092,8.95,93,100,2.59,CL,1714269155
57,kavaratti,10.5669,72.642,29.94,67,100,3.51,IN,1714269155
58,colonia,50.9333,6.95,14.42,71,0,2.57,DE,1714268877
59,pangody,65.85,74.4859,-0.75,97,100,4.93,RU,1714269155
60,trujillo,-8.116,-79.03,18.98,94,75,4.63,PE,1714269155
61,tadine,-21.55,167.8833,25.07,63,40,5.88,NC,1714269155
62,haiku-pauwela,20.9219,-156.3051,25.12,86,100,8.23,US,1714269155
63,berdyansk,46.7503,36.7944,15.64,73,100,6.63,UA,1714269155
64,recani,31.2846,-4.2688,18.35,36,47,9.08,MA,1714269156
65,port blair,11.6667,92.75,31.02,74,12,1.03,IN,1714269156
66,saint-mandrier-sur-mer,43.078,5.929,15.43,88,75,5.14,FR,1714269156
67,banda aceh,5.5577,95.3222,29.56,70,74,1.05,ID,1714269156
68,ushirombo,-3.4919,31.9639,18.66,98,99,2.19,TZ,1714269156
69,vegreville,53.5001,-112.0518,15.39,34,99,8.75,CA,1714269156
70,kodiak,57.79,-152.4072,7.73,71,75,4.12,US,1714269156
71,cao bang,22.6667,106.25,31.97,48,0,1.02,VN,1714269156
72,west island,-12.1568,96.8225,28.99,79,40,7.72,CC,1714269156
73,ust-nera,64.5667,143.2,-1.43,91,100,2.73,RU,1714269156
74,gamba,-2.65,10.0,26.18,93,97,2.24,GA,1714269156
75,chardara,41.2547,67.9692,9.91,35,0,6.16,KZ,1714269156
76,zhanaozen,43.3,52.8,14.23,29,4,6.22,KZ,1714269156
77,namie,37.4833,141.0,27.06,66,19,2.93,JP,1714269129
78,grytviken,-54.2811,-36.5092,3.63,99,100,2.13,GS,1714269156
79,petropavlovsk-kamchatsky,53.0452,158.6483,4.33,99,75,5.0,RU,1714269156
80,cabo san lucas,22.8909,-109.9124,24.78,74,98,7.88,MX,1714268873
81,oyama,36.3,139.8,24.82,40,0,1.42,JP,1714269157
82,shalkar,47.8288,59.6258,12.56,34,86,1.95,KZ,1714269157
83,college,64.8569,-147.8028,14.99,40,20,7.72,US,1714269157
84,saint-pierre,-21.3393,55.4781,24.82,83,83,1.03,RE,1714269157
85,nar'yan-mar,67.6713,53.087,-6.61,93,73,4.47,RU,1714269157
86,ravar,31.2656,56.8055,14.91,38,0,2.64,IR,1714269157
87,newman,37.3138,-121.0208,24.13,47,91,4.02,US,1714268969
88,greymouth,-42.4667,171.2,15.79,61,53,1.63,NZ,1714269157
89,atafu village,-8.5421,-172.5159,29.69,74,95,5.52,TK,1714269157
90,orange cove,36.6244,-119.3137,22.81,46,20,2.06,US,1714269157
91,ushuaia,-54.8,-68.3,2.81,87,75,7.72,AR,1714269157
92,ponta delgada,37.7333,-25.6667,14.4,72,75,2.57,PT,1714269157
93,udachny,66.4167,112.4,-10.86,92,99,3.06,RU,1714269157
94,talnakh,69.4865,88.3972,-7.11,93,100,4.46,RU,1714269150
95,blackmans bay,-43.0167,147.3167,17.07,57,98,0.45,AU,1714269157
96,st. john's,47.5649,-52.7093,1.1,81,75,7.2,CA,1714269063
97,umm kaddadah,13.6017,26.6876,28.13,42,53,4.25,SD,1714269157
98,kristiansund,63.1115,7.732,4.36,81,39,2.06,NO,1714269157
99,westport,41.1415,-73.3579,11.37,62,100,4.02,US,1714268979
100,bentiu,9.2333,29.8333,31.05,40,87,2.69,SS,1714269158
101,chinde,26.8418,88.0763,24.33,34,0,1.99,NP,1714269158
102,tolanaro,-25.0319,46.9987,22.04,88,40,2.06,MG,1714269158
103,arteche,12.2645,125.4048,30.42,62,100,4.53,PH,1714269158
104,iskateley,67.6803,53.1512,-6.66,93,72,4.47,RU,1714268983
105,xilin hot,43.9667,116.0333,3.05,77,100,5.56,CN,1714269158
106,puerto ayora,-0.7393,-90.3518,25.31,95,6,0.89,EC,1714269158
107,lihue,21.9789,-159.3672,25.77,76,0,6.17,US,1714269158
108,polyarnyy,69.1989,33.4478,-2.54,87,100,2.47,RU,1714269158
109,rumoi,43.9344,141.6428,10.48,75,98,4.8,JP,1714269158
110,porto novo,6.4965,2.6036,29.9,86,38,2.7,BJ,1714269158
111,tomatlan,19.9333,-105.25,22.26,71,16,2.23,MX,1714269158
112,eyl,7.9803,49.8164,28.21,73,40,2.89,SO,1714269158
113,bredasdorp,-34.5322,20.0403,16.29,84,95,2.2,ZA,1714269158
114,ancud,-41.8697,-73.8203,10.98,86,100,7.06,CL,1714269158
115,lagos,6.5833,3.75,28.18,88,100,2.04,NG,1714269000
116,anadyr,64.75,177.4833,-2.72,86,100,4.0,RU,1714269158
117,ta`u,-14.2336,-169.5144,28.91,76,16,7.71,AS,1714269159
118,palmer,42.1584,-72.3287,11.65,51,100,5.66,US,1714268949
119,puerto baquerizo moreno,-0.9,-89.6,25.55,89,20,3.6,EC,1714269134
120,kruisfontein,-34.0033,24.7314,14.94,74,100,2.71,ZA,1714269159
121,pavlovsk,50.4578,40.1081,16.63,83,96,4.02,RU,1714269159
122,nantucket,41.2835,-70.0995,9.44,66,0,6.17,US,1714269101
123,princeville,45.7668,-61.2985,1.29,73,0,1.54,CA,1714269159
124,betio village,1.358,172.9211,32.02,77,71,6.4,KI,1714269159
125,holualoa,19.6228,-155.9522,25.91,90,40,5.66,US,1714268922
126,ferkessedougou,9.6,-5.2,26.91,74,100,2.11,CI,1714269159
127,neiafu,-18.65,-173.9833,29.38,79,40,4.63,TO,1714269159
128,la ronge,55.1001,-105.2842,6.14,31,75,3.09,CA,1714269026
129,armacao de buzios,-22.7469,-41.8817,25.03,85,0,8.5,BR,1714268991
130,ribeira grande,38.5167,-28.7,15.43,70,28,3.13,PT,1714269159
131,pendra,22.7667,81.95,30.43,33,8,2.6,IN,1714269159
132,kudymkar,59.0173,54.656,13.17,86,92,6.29,RU,1714269159
133,noumea,-22.2763,166.4572,27.78,99,90,6.94,NC,1714269159
134,quellon,-43.1167,-73.6167,9.66,88,100,4.19,CL,1714269160
135,cam ranh,11.9214,109.1591,32.98,55,0,6.17,VN,1714269160
136,szamotuly,52.612,16.5779,11.38,91,6,3.52,PL,1714269160
137,imbituba,-28.24,-48.6703,25.48,77,22,1.62,BR,1714268860
138,khovd,48.0056,91.6419,1.7,46,0,1.54,MN,1714269160
139,bilibino,68.0546,166.4372,-0.14,79,68,1.15,RU,1714269160
140,necochea,-38.5473,-58.7368,7.46,48,0,4.91,AR,1714269048
141,aplahoue,6.9333,1.6833,25.92,91,65,1.84,BJ,1714269160
142,lahaina,20.8783,-156.6825,26.11,95,100,3.63,US,1714269160
143,kailua-kona,19.6406,-155.9956,27.98,81,40,5.66,US,1714269160
144,boca suno,-0.7167,-77.1333,23.42,93,98,0.69,EC,1714269160
145,mount pearl,47.5166,-52.7813,0.64,81,75,7.2,CA,1714269160
146,kakunodatemachi,39.5833,140.5667,20.22,44,0,3.53,JP,1714269160
147,northam,51.0333,-4.2167,8.12,85,100,4.99,GB,1714269160
148,bethel,41.3712,-73.414,11.05,63,100,4.63,US,1714269160
149,castillos,-34.1667,-53.8333,9.65,77,15,2.32,UY,1714269160
150,north battleford,52.7834,-108.2847,12.05,35,40,6.17,CA,1714269160
151,sungailiat,-1.85,106.1333,27.2,87,100,3.25,ID,1714269160
152,hanceville,34.0607,-86.7675,21.95,76,73,3.23,US,1714269161
153,ilulissat,69.2167,-51.1,1.01,93,100,2.06,GL,1714269161
154,mokshan,53.4365,44.6132,14.23,93,100,2.68,RU,1714269161
155,zemio,5.0314,25.1361,21.95,96,100,2.09,CF,1714269161
156,inhambane,-23.865,35.3833,21.95,69,100,6.44,MZ,1714269161
157,khandyga,62.6667,135.6,-3.1,83,100,1.84,RU,1714269161
158,stephenville,32.2207,-98.2023,25.14,81,100,7.2,US,1714269161
159,tabou,4.423,-7.3528,27.31,88,100,1.86,CI,1714269161
160,balqash,46.8481,74.995,9.38,33,48,9.7,KZ,1714269161
161,puerto escondido,15.85,-97.0667,27.51,80,1,2.71,MX,1714269161
162,mount isa,-20.7333,139.5,29.87,37,1,6.17,AU,1714269161
163,grand gaube,-20.0064,57.6608,24.1,90,100,0.89,MU,1714269161
164,arkhangel'sk,64.5401,40.5433,2.85,100,100,1.0,RU,1714269115
165,constantia,44.1833,28.65,12.61,73,100,4.79,RO,1714268988
166,luena,-11.7833,19.9167,16.1,72,6,1.54,AO,1714269161
167,nabire,-3.3667,135.4833,30.73,68,76,2.12,ID,1714269161
168,mongo,12.1844,18.693,28.91,13,99,3.58,TD,1714269161
169,porbandar,21.6422,69.6093,26.44,69,53,4.81,IN,1714269161
170,mtskheta,41.8451,44.7188,14.05,61,19,0.83,GE,1714269161
171,yemetsk,63.4721,41.7941,0.64,96,100,2.67,RU,1714268864
172,saint-lys,43.5167,1.2,9.61,85,100,3.09,FR,1714269162
173,severnoye,56.3491,78.3619,10.55,55,100,5.36,RU,1714269162
174,fada,9.5667,8.3,25.41,61,100,0.81,NG,1714269162
175,luderitz,-26.6481,15.1594,18.22,63,85,3.43,NA,1714269162
176,badger,64.8,-147.5333,14.95,34,0,7.72,US,1714269162
177,oak grove,45.4168,-122.6401,12.75,81,100,5.14,US,1714269162
178,rongelap,11.1635,166.8941,27.59,76,100,8.38,MH,1714269162
179,siavonga,-16.5382,28.7088,20.32,62,43,2.12,ZM,1714268961
180,cardigan,52.0847,-4.6591,6.88,84,100,3.55,GB,1714269162
181,rio de janeiro,-22.9028,-43.2075,25.98,83,0,2.57,BR,1714269079
182,enewetak,11.3474,162.3373,27.62,76,100,7.29,MH,1714269162
183,san mariano,7.5,126.0,30.68,58,100,2.43,PH,1714269162
184,hermanus,-34.4187,19.2345,18.78,72,1,2.2,ZA,1714269162
185,federal,-30.9547,-58.7833,11.88,81,99,3.62,AR,1714269162
186,ivdel',60.6911,60.4206,11.77,97,100,2.24,RU,1714269162
187,georgetown,5.4112,100.3354,30.96,74,20,1.03,MY,1714269045
188,mandalgovi,45.7625,106.2708,1.34,51,100,6.48,MN,1714269163
189,centerville,39.6284,-84.1594,22.92,53,40,4.63,US,1714268947
190,tura,25.5198,90.2201,30.01,57,9,3.22,IN,1714269163
191,punta arenas,-53.15,-70.9167,3.06,87,75,10.29,CL,1714268939
192,nyagan,62.1406,65.3936,4.17,100,100,2.86,RU,1714269163
193,bel ombre,-4.6167,55.4167,26.91,89,20,1.03,SC,1714269163
194,okha,53.5739,142.9478,1.25,61,5,4.47,RU,1714269163
195,kiama,-34.6833,150.8667,24.76,62,76,2.68,AU,1714269163
196,nea ionia,38.0373,23.7595,16.73,65,20,2.06,GR,1714269163
197,antonio enes,-16.2325,39.9086,24.86,71,29,6.12,MZ,1714269163
198,uturoa,-16.7333,-151.4333,28.33,76,46,10.05,PF,1714269163
199,lodeynoye pole,60.726,33.5531,3.32,85,3,1.78,RU,1714269163
200,nouadhibou,20.931,-17.0347,18.99,72,93,8.23,MR,1714269163
201,carnarvon,-24.8667,113.6333,27.04,57,2,3.02,AU,1714269163
202,gadzhiyevo,69.2551,33.3362,-2.54,87,100,2.47,RU,1714269163
203,broken hill,-31.95,141.4333,21.03,27,0,2.95,AU,1714269163
204,kanniyakumari,8.0833,77.5667,29.55,73,91,1.75,IN,1714269164
205,port elizabeth,-33.918,25.5701,17.16,88,0,6.69,ZA,1714269164
206,sur,22.5667,59.5289,27.19,65,0,5.25,OM,1714269164
207,bandarbeyla,9.4942,50.8122,27.67,72,41,0.43,SO,1714269164
208,fort mcmurray,56.7268,-111.381,8.77,46,100,3.09,CA,1714269164
209,sitka,57.0531,-135.33,10.94,58,100,5.14,US,1714269164
210,nemuro,43.3236,145.575,5.58,96,92,2.67,JP,1714269164
211,phek,25.6667,94.5,24.81,43,100,0.91,IN,1714269164
212,balboa,2.0396,-77.2168,17.2,97,100,0.38,CO,1714269164
213,copalnic manastur,47.5,23.6833,8.12,76,6,2.35,RO,1714269164
214,samitah,16.596,42.9444,30.74,65,58,0.32,SA,1714269164
215,sabana grande de boya,18.945,-69.7933,23.22,98,99,2.01,DO,1714269164
216,shahrud,36.4182,54.9763,11.2,51,0,2.28,IR,1714269164
217,masterton,-40.9597,175.6575,16.05,39,0,2.54,NZ,1714269164
218,crane,31.3974,-102.3501,24.31,17,17,13.84,US,1714269164
219,tayoltita,24.0833,-105.9333,21.91,30,100,1.06,MX,1714269164
220,klyuchi,52.2667,79.1667,10.82,37,57,2.81,RU,1714269164
221,nova vicosa,-17.8919,-39.3719,25.08,71,0,1.85,BR,1714269088
222,nouna,12.7333,-3.8667,32.37,41,29,5.3,BF,1714269165
223,oranjemund,-28.55,16.4333,15.01,89,41,1.83,NA,1714269165
224,pyu,18.4833,96.4333,33.58,54,0,3.53,MM,1714269165
225,novo milosevo,45.7217,20.3031,8.31,79,0,3.58,RS,1714269165
226,lake havasu city,34.4839,-114.3224,28.46,17,2,2.57,US,1714269165
227,nuuk,64.1835,-51.7216,0.34,86,100,2.06,GL,1714268991
228,nicoya,10.1483,-85.452,27.08,79,100,0.94,CR,1714269165
229,bansi,27.1833,82.9333,32.52,16,2,5.61,IN,1714269165
230,wuchang,44.9143,127.15,11.84,30,100,5.15,CN,1714269165
231,natchez,31.5604,-91.4032,24.69,69,0,6.17,US,1714269165
232,swakopmund,-22.6833,14.5333,15.47,75,68,1.62,NA,1714269165
233,valparaiso,-33.0393,-71.6273,15.8,47,0,1.54,CL,1714269136
234,vodnyy,63.5046,53.4095,1.34,92,100,3.55,RU,1714268926
235,port-vila,-17.7338,168.3219,27.78,78,75,6.69,VU,1714269165
236,patan,27.6667,85.3333,20.21,60,20,1.03,NP,1714269165
237,malanje,-9.5402,16.341,15.32,77,8,1.61,AO,1714269165
238,idrinskoye,54.3708,92.1358,4.97,69,100,2.12,RU,1714268962
239,mushie,-3.0167,16.9,23.13,85,64,0.71,CD,1714269166
240,beboto,8.2668,16.939,28.07,50,46,3.16,TD,1714269166
241,changnyeong,35.5415,128.4951,23.67,53,0,0.51,KR,1714269166
242,kapa'a,22.0752,-159.319,26.18,76,0,6.17,US,1714269166
243,maceio,-9.6658,-35.7353,26.69,83,20,2.06,BR,1714269102
244,koryazhma,61.3143,47.1691,7.73,92,100,4.14,RU,1714269166
245,anamosa,42.1083,-91.2852,17.99,45,100,6.69,US,1714269166
246,mianke mor,31.2,73.95,24.12,47,93,2.67,PK,1714269166
247,punta cana,18.5818,-68.4043,26.87,74,40,3.6,DO,1714268961
248,teknaf,20.8624,92.3058,30.11,74,26,1.49,BD,1714269166
249,cehegin,38.0924,-1.7985,11.38,61,57,0.92,ES,1714269166
250,toliara,-23.35,43.6667,20.37,89,9,6.05,MG,1714269166
251,wailua homesteads,22.0669,-159.378,25.44,76,0,6.17,US,1714269166
252,selfoss,63.9331,-20.9971,2.25,68,12,3.97,IS,1714269166
253,aldinga beach,-35.2793,138.4604,22.37,52,6,5.65,AU,1714269166
254,gakem,6.7658,8.9881,26.93,82,88,5.03,NG,1714269166
255,kamloops,50.6665,-120.3192,14.55,48,100,3.58,CA,1714269050
256,cleckheaton,53.724,-1.7129,6.64,91,0,3.6,GB,1714269166
257,keflavik,64.0049,-22.5624,2.95,80,20,3.09,IS,1714269166
258,zhytomyr,50.2649,28.6767,7.84,81,21,2.3,UA,1714269167
259,shenjiamen,29.9576,122.298,17.2,100,100,4.24,CN,1714269167
260,dordrecht,51.81,4.6736,13.88,78,100,1.79,NL,1714269160
261,yarmouth,41.7057,-70.2286,9.44,53,0,6.17,US,1714269167
262,yuzhno-kurilsk,44.0306,145.8556,7.99,96,100,6.76,RU,1714269167
263,acarau,-2.8856,-40.12,24.6,88,100,5.47,BR,1714269167
264,ironwood,46.4547,-90.171,8.19,93,100,2.57,US,1714269167
265,chu,43.5983,73.7614,5.7,83,99,2.78,KZ,1714269167
266,vychegodskiy,61.247,46.8984,7.79,94,100,4.37,RU,1714269167
267,aitape,-3.1374,142.3475,30.79,68,68,3.21,PG,1714269167
268,kudahuvadhoo,2.6708,72.8944,29.67,76,100,7.44,MV,1714269167
269,tiznit,29.5833,-9.5,12.63,84,61,4.15,MA,1714269167
270,brookings,44.3114,-96.7984,9.54,89,100,4.63,US,1714269094
271,khanbari,27.3747,87.2039,28.19,25,0,0.77,NP,1714269167
272,copiapo,-27.3667,-70.3333,11.83,52,5,0.59,CL,1714269167
273,happy valley-goose bay,53.3168,-60.3315,7.17,42,75,4.63,CA,1714269167
274,isafjordur,66.0755,-23.124,1.64,81,92,2.58,IS,1714269167
275,sault ste. marie,46.5168,-84.3333,16.16,74,0,4.12,CA,1714268878
276,brodnica,53.2597,19.3965,8.76,78,9,3.5,PL,1714269168
277,puerto santa,-8.9906,-78.6456,20.05,86,79,3.65,PE,1714269168
278,rechytsa,52.3617,30.3916,9.06,67,100,2.04,BY,1714269168
279,ciudad lazaro cardenas,17.9583,-102.2,24.56,81,1,1.3,MX,1714269168
280,the pas,53.8251,-101.2541,4.01,33,0,2.06,CA,1714269168
281,callao,-12.0667,-77.15,24.29,78,0,5.66,PE,1714268959
282,sinabang,2.4803,96.3801,26.14,92,100,2.49,ID,1714269168
283,chernyshevskiy,63.0128,112.4714,-4.48,76,100,2.3,RU,1714269168
284,sakaraha,-22.9,44.5333,17.25,93,52,3.48,MG,1714269168
285,quatre cocos,-20.2078,57.7625,23.94,85,100,3.19,MU,1714269168
286,kimbe,-5.5502,150.1429,31.85,63,100,1.27,PG,1714269168
287,vila velha,-20.3297,-40.2925,22.19,94,0,1.03,BR,1714269168
288,constitucion,-35.3333,-72.4167,9.33,82,8,3.7,CL,1714269168
289,ta'izz,13.5,44.0,20.52,68,20,3.35,YE,1714269168
290,howrah,22.5892,88.3103,32.0,70,0,3.09,IN,1714269168
291,queenstown,-31.8976,26.8753,13.62,71,100,1.75,ZA,1714269168
292,itacare,-14.2775,-38.9967,24.06,89,30,4.22,BR,1714269168
293,tsaratanana,-16.7833,47.65,21.26,84,82,2.71,MG,1714269169
294,wenchang,30.904,118.4887,23.09,81,100,1.4,CN,1714269169
295,kapuskasing,49.4169,-82.4331,11.05,100,100,2.06,CA,1714269169
296,alofi,-19.0595,-169.9187,29.94,66,20,7.72,NU,1714269014
297,eirunepe,-6.6603,-69.8736,23.73,98,74,0.86,BR,1714268903
298,choibalsan,48.0667,114.5,6.8,29,6,2.43,MN,1714269169
299,al kharijah,25.4514,30.5464,19.37,26,0,3.73,EG,1714269169
300,egilsstadir,65.2653,-14.3948,1.95,100,100,3.6,IS,1714269169
301,port hedland,-20.3167,118.5667,32.03,25,0,6.17,AU,1714269169
302,uvarovo,51.9849,42.2615,13.42,85,100,3.58,RU,1714269169
303,richards bay,-28.783,32.0377,17.42,76,7,1.3,ZA,1714269169
304,bardai,11.65,7.2333,27.89,48,33,2.01,NG,1714269169
305,kiunga,-6.1219,141.2906,32.38,59,92,1.42,PG,1714269169
306,nahiyat ash shinafiyah,31.5874,44.6602,28.19,22,57,3.04,IQ,1714269169
307,alice springs,-23.7,133.8833,19.75,28,0,3.6,AU,1714269169
308,qaqortoq,60.7167,-46.0333,-1.97,97,91,0.45,GL,1714269169
309,kristinestad,62.2743,21.376,1.17,99,100,2.94,FI,1714269170
310,chinchilla,-26.75,150.6333,23.9,63,11,2.68,AU,1714269170
311,san patricio,28.017,-97.5169,26.2,84,40,8.92,US,1714269170
312,new norfolk,-42.7826,147.0587,17.73,52,97,1.67,AU,1714269170
313,buenaventura,3.8801,-77.0312,24.3,95,100,0.93,CO,1714269001
314,prince rupert,54.3161,-130.3201,9.05,80,100,14.92,CA,1714269170
315,saint-philippe,-21.3585,55.7679,24.77,80,94,0.19,RE,1714269170
316,camden,39.7835,-74.9663,12.05,74,100,0.45,US,1714269137
317,sal rei,16.1833,-22.9167,22.1,83,52,6.97,CV,1714269170
318,bergerac,44.8333,0.5,9.37,87,75,2.57,FR,1714269170
319,babu,24.4167,111.5167,29.42,76,2,2.18,CN,1714269170
320,katsuura,35.1333,140.3,20.92,73,0,2.44,JP,1714269170
321,kermit,31.8576,-103.0927,23.91,13,75,11.83,US,1714269170
322,nili,33.7218,66.1302,4.06,72,70,2.19,AF,1714269170
323,moranbah,-22.0016,148.0466,27.07,40,0,9.24,AU,1714269170
324,at taj,24.2049,23.2857,20.64,20,3,4.33,LY,1714269170
325,forestville,38.8451,-76.875,14.55,83,40,3.09,US,1714269170
326,greenville,35.6127,-77.3663,17.02,90,0,2.57,US,1714268931
327,acapulco de juarez,16.8634,-99.8901,23.55,77,5,0.73,MX,1714269171
328,marsh harbour,26.5412,-77.0636,22.45,66,11,10.81,BS,1714269171
329,atar,20.5169,-13.0499,23.79,58,100,1.69,MR,1714269171
330,brisas de zicatela,15.8369,-97.0419,27.39,80,3,2.65,MX,1714269171
331,kununurra,-15.7667,128.7333,28.99,28,2,5.14,AU,1714269171
332,salekhard,66.53,66.6019,-6.45,97,83,1.34,RU,1714268999
333,kapit,2.0167,112.9333,28.42,93,97,0.31,MY,1714269171
334,sandnessjoen,66.0217,12.6316,-1.71,68,11,5.3,NO,1714269171
335,durban,-29.8579,31.0292,14.51,80,3,2.48,ZA,1714269171
336,kilindoni,-7.9139,39.6668,26.65,73,80,7.36,TZ,1714269171
337,asikkala,61.2167,25.5,3.87,93,99,2.9,FI,1714269171
338,remire-montjoly,4.9167,-52.2667,25.02,100,0,1.03,GF,1714269171
339,bazas,44.432,-0.2133,9.23,96,0,2.37,FR,1714269171
340,vilyuchinsk,52.9306,158.4028,5.15,99,100,2.32,RU,1714269171
341,port macquarie,-31.4333,152.9167,22.16,65,0,3.14,AU,1714269148
342,sola,-13.8833,167.55,28.54,78,25,5.92,VU,1714269171
343,minas de marcona,-15.2119,-75.1103,15.66,82,13,4.84,PE,1714269171
344,young,-32.6833,-57.6333,10.03,74,6,3.14,UY,1714269172
345,pitimbu,-7.4706,-34.8086,26.33,81,72,4.05,BR,1714269172
346,la punta,-33.1837,-66.3127,13.24,75,2,3.01,AR,1714269172
347,kayenta,36.7278,-110.2546,10.97,42,100,3.63,US,1714269172
348,kidal,18.4411,1.4078,30.13,19,0,5.24,ML,1714269172
349,igarape acu,-1.1289,-47.62,23.55,98,100,0.55,BR,1714269172
350,paphos,34.7667,32.4167,16.88,100,4,3.09,CY,1714269172
351,belabo,4.9333,13.3,22.51,83,58,1.05,CM,1714269172
352,aqadyr,48.2553,72.8483,6.01,42,0,6.37,KZ,1714269172
353,geraldton,-28.7667,114.6,23.23,33,84,7.72,AU,1714269172
354,yeppoon,-23.1333,150.7333,25.88,76,26,7.85,AU,1714269172
355,hays,30.0502,-98.0336,25.05,87,100,5.36,US,1714269172
356,maragogi,-9.0122,-35.2225,26.4,78,49,1.97,BR,1714269172
357,saudarkrokur,65.7461,-19.6394,2.77,82,100,1.58,IS,1714269172
358,brantford,43.1334,-80.2664,20.08,85,48,6.9,CA,1714269012
359,fale old settlement,-9.3852,-171.2468,29.81,75,19,5.55,TK,1714269172
360,kamalganj,27.2667,79.65,32.06,18,15,3.48,IN,1714269172
361,port lincoln,-34.7333,135.8667,21.29,36,76,7.06,AU,1714269172
362,gidam,18.9833,81.4,32.38,38,1,0.92,IN,1714269173
363,taoudenni,22.6783,-3.9836,26.7,35,100,7.64,ML,1714269173
364,gornozavodsk,58.3758,58.3211,14.06,83,0,6.16,RU,1714269173
365,san,13.3034,-4.8956,34.4,32,68,6.22,ML,1714269173
366,bodo,67.28,14.405,4.87,76,0,4.63,NO,1714269173
367,pemangkat,1.1667,108.9667,28.75,78,75,0.84,ID,1714269173
368,bani walid,31.7566,13.9942,17.14,75,49,3.64,LY,1714269173
369,labytnangi,66.6572,66.4183,-6.46,97,58,2.02,RU,1714269173
370,vernon,50.2581,-119.2691,10.68,86,100,2.57,CA,1714269173
371,walvis bay,-22.9575,14.5053,15.53,88,52,2.06,NA,1714269173
372,kingston,17.997,-76.7936,29.53,70,20,5.66,JM,1714268938
373,rakops,-21.0167,24.3333,18.44,61,0,5.97,BW,1714269173
374,oriximina,-1.7656,-55.8661,24.91,91,100,1.18,BR,1714269173
375,huilong,31.8111,121.655,17.76,94,100,6.02,CN,1714269173
376,panadura,6.7132,79.9026,27.41,83,81,1.42,LK,1714269173
377,zhangye,38.9342,100.4517,9.26,31,99,8.18,CN,1714269173
378,sokoni,-6.4333,39.55,26.5,73,100,7.82,TZ,1714269173
379,utrik,11.2278,169.8474,27.45,81,56,8.41,MH,1714269174
380,ixtapa,20.7,-105.2,21.89,79,0,1.43,MX,1714269174
381,port-cartier,50.0334,-66.8654,0.97,91,98,1.98,CA,1714269174
382,sampit,-2.5333,112.95,31.7,63,97,1.36,ID,1714269174
383,novyy urgal,51.0736,132.5642,5.25,25,100,6.33,RU,1714269174
384,el alia,37.1691,10.0348,15.43,87,0,5.91,TN,1714269174
385,ruidoso,33.3317,-105.673,11.26,21,0,5.14,US,1714269174
386,shingu,33.7333,135.9833,21.57,70,3,2.24,JP,1714269174
387,merizo village,13.2658,144.6691,31.31,84,100,6.95,GU,1714269174
388,santiago de cao,-7.9589,-79.2392,19.07,94,75,4.63,PE,1714269174
389,tucurui,-3.7661,-49.6725,23.46,98,100,1.82,BR,1714269027
390,i-n-salah,27.1935,2.4607,25.64,10,77,4.27,DZ,1714269174
391,la passe,45.5549,-0.8967,10.55,80,97,6.93,FR,1714269175
392,namtsy,62.7161,129.6658,-2.55,74,37,2.54,RU,1714269175
393,lebu,-37.6167,-73.65,10.02,77,27,1.01,CL,1714269175
394,callaway,30.153,-85.5699,24.03,78,98,2.57,US,1714269175
395,pisco,-13.7,-76.2167,21.03,78,0,6.17,PE,1714269175
396,livingston,55.9029,-3.5226,4.0,92,20,0.0,GB,1714269049
397,barra,-11.0894,-43.1417,25.81,67,51,1.62,BR,1714269175
398,puerto deseado,-47.7503,-65.8938,10.35,44,55,12.3,AR,1714269175
399,namibe,-15.1961,12.1522,24.69,70,0,2.94,AO,1714269175
400,zaozersk,69.4005,32.4476,-3.17,90,100,1.94,RU,1714269175
401,hadibu,12.65,54.0333,27.98,76,73,1.33,YE,1714269175
402,la salle,41.3334,-89.0918,21.25,83,0,5.14,US,1714269098
403,kilju,40.9642,129.3278,20.12,37,76,3.06,KP,1714269175
404,borkum,53.5809,6.6915,13.97,89,100,8.44,DE,1714269175
405,la'ie,21.6477,-157.9253,26.98,88,88,0.89,US,1714269175
406,dedougou,12.4667,-3.4667,32.14,44,12,4.98,BF,1714269175
407,bozeman,45.6796,-111.0386,9.54,91,100,1.54,US,1714269031
408,ghanzi,-21.5667,21.7833,16.78,67,5,6.42,BW,1714269175
409,taitung city,22.7583,121.1444,30.15,66,75,0.51,TW,1714269176
410,vorgashor,67.5833,63.95,-9.26,93,94,5.92,RU,1714269176
411,pariaman,-0.619,100.12,29.03,79,100,2.29,ID,1714269176
412,abbeville,50.1,1.8333,11.98,91,100,7.12,FR,1714269176
413,san antonio de pale,-1.4014,5.6325,28.43,83,51,4.14,GQ,1714269176
414,muynoq,43.7683,59.0214,14.01,24,6,3.52,UZ,1714269176
415,belize city,17.4995,-88.1976,28.34,83,0,3.58,BZ,1714269028
416,mostaganem,35.9311,0.0892,15.93,75,100,6.01,DZ,1714269176
417,sonoita,31.85,-112.8333,22.73,24,2,4.18,MX,1714269176
418,papao,-17.75,-149.55,30.82,83,65,11.03,PF,1714269176
419,el bagre,7.5927,-74.8086,24.35,99,100,0.32,CO,1714269176
420,gizo,-8.103,156.8419,29.5,75,74,3.9,SB,1714269176
421,mahebourg,-20.4081,57.7,24.03,94,40,0.0,MU,1714269176
422,nelson,-41.2833,173.2833,16.83,70,6,0.45,NZ,1714269173
423,borshchiv,48.8033,26.0435,8.45,82,0,2.58,UA,1714269176
424,isola di capo rizzuto,38.96,17.0933,13.99,77,0,3.6,IT,1714269176
425,vadso,70.0744,29.7487,0.49,86,75,7.2,NO,1714269176
426,prum,50.2167,6.4167,12.32,78,100,2.8,DE,1714269176
427,arraial do cabo,-22.9661,-42.0278,23.74,85,0,9.86,BR,1714269177
428,kourou,5.1552,-52.6478,25.03,88,98,1.93,GF,1714269177
429,fortuna,40.5982,-124.1573,13.29,86,100,2.06,US,1714268931
430,cape town,-33.9258,18.4232,22.27,45,0,1.54,ZA,1714269002
431,ubari,26.5921,12.7805,25.59,16,6,1.56,LY,1714269177
432,pasni,25.2631,63.471,26.11,79,78,4.38,PK,1714269177
433,kandahar,31.0,65.75,12.97,50,0,7.74,AF,1714269177
434,al muwayh,22.4333,41.7583,23.16,44,99,1.95,SA,1714269177
435,mhamid,29.82,-5.72,18.43,44,68,7.02,MA,1714269177
436,praia da vitoria,38.7333,-27.0667,15.14,72,40,4.53,PT,1714269177
437,donghai,22.9459,115.642,27.49,81,60,3.16,CN,1714269177
438,cockburn town,21.4612,-71.1419,24.8,70,8,10.64,TC,1714269025
439,guia lopes da laguna,-21.4578,-56.1142,25.72,63,1,1.2,BR,1714269177
440,mount gambier,-37.8333,140.7667,19.04,34,4,4.92,AU,1714269177
441,argungu,12.7433,4.5269,32.87,39,13,3.34,NG,1714269177
442,fasa,28.9383,53.6482,16.58,51,0,0.0,IR,1714269177
443,ambon,-3.6954,128.1814,32.15,95,40,2.06,ID,1714269177
444,filadelfia,39.9523,-75.1638,12.51,68,100,3.09,US,1714268917
445,nosy varika,-20.5833,48.5333,22.68,94,42,5.02,MG,1714269177
446,vernal,40.4555,-109.5287,10.84,76,100,2.06,US,1714269178
447,karasburg,-28.0167,18.75,19.94,29,96,1.29,NA,1714269178
448,fortaleza,-3.7227,-38.5247,27.82,97,75,2.57,BR,1714269148
449,bratsk,56.1325,101.6142,6.27,74,100,3.14,RU,1714269178
450,menaka,15.9182,2.4022,32.12,12,2,3.84,ML,1714269178
451,bulanik,39.0929,42.2703,11.79,62,0,0.94,TR,1714269178
452,banff,51.1762,-115.5698,12.57,61,100,1.03,CA,1714269178
453,mizdah,31.4451,12.9801,17.9,48,60,1.05,LY,1714269178
454,santa rosa de osos,6.6474,-75.4603,13.26,99,100,0.46,CO,1714269178
455,lugovoy,42.9472,72.7644,5.37,68,93,0.54,KZ,1714269178
456,magadan,59.5667,150.8,-0.26,99,100,1.17,RU,1714269178
457,linhares,-19.3911,-40.0722,21.15,81,7,1.14,BR,1714269178
458,wellington,-41.2866,174.7756,17.81,54,2,3.6,NZ,1714269122
459,christchurch,-43.5333,172.6333,19.74,67,1,4.12,NZ,1714269152
460,okhotsk,59.3833,143.3,-1.27,84,100,6.02,RU,1714269178
461,tamuin,21.9833,-98.75,28.97,66,55,3.8,MX,1714269178
462,escanaba,45.7453,-87.0646,16.98,59,20,6.17,US,1714269179
463,lobva,59.1854,60.5185,14.99,82,31,4.95,RU,1714269179
464,hami,42.8,93.45,12.61,10,12,3.73,CN,1714269179
465,maintirano,-18.0667,44.0167,25.78,79,97,5.58,MG,1714269179
466,jeddah,21.5169,39.2192,29.92,42,40,7.2,SA,1714269002
467,rio grande,-32.035,-52.0986,14.97,62,64,4.21,BR,1714269179
468,lensk,60.7253,114.9278,0.67,70,100,3.62,RU,1714269179
469,tsiombe,-25.3,45.4833,19.19,89,24,2.13,MG,1714269179
470,qui nhon,13.7667,109.2333,31.7,62,20,4.61,VN,1714268893
471,midvagur,62.0511,-7.1939,6.46,81,75,8.75,FO,1714269179
472,roxas city,11.5853,122.7511,30.64,66,100,5.3,PH,1714269179
473,ciudad guayana,8.3533,-62.6528,28.62,74,100,4.7,VE,1714269179
474,yung shue wan,22.2333,114.1167,26.85,86,28,0.45,HK,1714269179
475,la gi,10.6667,107.7833,31.45,63,69,2.47,VN,1714269179
476,zhumysker,49.3333,49.4,16.05,37,9,4.3,KZ,1714269179
477,siwa oasis,29.2041,25.5195,20.54,30,21,3.31,EG,1714269180
478,santa helena de goias,-17.8136,-50.5969,22.51,65,3,0.53,BR,1714269180
479,ishigaki,24.3448,124.1572,30.07,79,75,6.69,JP,1714269180
480,akureyri,65.6835,-18.0878,3.96,81,75,2.57,IS,1714269180
481,lawas,13.764,121.0566,31.1,61,79,7.79,PH,1714269180
482,vorkuta,67.5,64.0,-8.76,92,93,5.91,RU,1714269180
483,karratha,-20.7377,116.8463,31.23,39,19,5.61,AU,1714269180
484,pontianak,-0.0333,109.3333,25.99,100,100,2.06,ID,1714269180
485,santyoku,37.4406,129.1708,17.56,67,93,6.79,KR,1714269180
486,jumla,29.2747,82.1838,11.82,48,0,1.21,NP,1714269180
487,loreto,22.2667,-101.9667,19.84,8,99,5.62,MX,1714269180
488,susuman,62.7833,148.1667,-2.23,86,100,1.34,RU,1714269180
489,tamanrasset,22.785,5.5228,22.95,16,2,3.6,DZ,1714269180
490,daman,20.4167,72.85,30.23,58,96,5.04,IN,1714269180
491,eraan,9.0629,117.7016,34.12,52,100,0.38,PH,1714269180
492,vila franca do campo,37.7167,-25.4333,14.23,76,82,4.82,PT,1714269181
493,revda,56.801,59.9303,15.59,79,7,6.77,RU,1714269181
494,kaa-khem,51.6833,94.7333,4.67,55,85,1.17,RU,1714269181
495,kletnya,53.3897,33.2171,6.47,75,100,1.44,RU,1714269181
496,ulsteinvik,62.3432,5.8487,5.17,80,10,1.79,NO,1714269181
497,nizhniy odes,63.6445,54.856,-0.48,93,100,4.12,RU,1714269181
498,sivrice,38.4482,39.3084,8.56,87,40,3.09,TR,1714269181
499,huainan,32.6264,116.9969,17.91,88,100,5.07,CN,1714269181
500,iskushuban,10.2837,50.23,24.55,82,32,0.89,SO,1714269181
501,liberal,37.0431,-100.921,19.08,52,0,8.75,US,1714269174
502,port saint john's,-31.6229,29.5448,16.33,83,18,3.91,ZA,1714269181
503,saint-francois,46.4154,3.9054,9.69,81,100,3.09,FR,1714269181
504,kindu,-2.95,25.95,21.16,99,46,0.95,CD,1714269181
505,ugoofaaru,5.6667,73.0,29.59,72,100,3.85,MV,1714269181
506,tralee,52.2704,-9.7026,4.25,85,19,0.9,IE,1714269181
507,saynshand,44.8824,110.1163,8.22,25,100,5.91,MN,1714269182
508,virginia,37.5481,-77.4467,17.09,90,40,2.06,US,1714269182
509,kaltungo,9.8142,11.3089,28.58,31,100,1.3,NG,1714269182
510,fort st. john,56.2499,-120.8529,13.94,23,75,2.57,CA,1714269035
511,auki,-8.7676,160.7034,29.3,79,100,1.32,SB,1714269182
512,margate,51.3813,1.3862,11.61,95,100,2.68,GB,1714269182
513,sarmiento,-45.5882,-69.07,9.34,54,3,15.64,AR,1714269182
514,al khafji,28.4391,48.4913,25.74,57,100,3.94,SA,1714269182
515,dauphin,51.1494,-100.0502,6.08,39,0,4.12,CA,1714269182
516,gunnedah,-30.9833,150.25,22.19,45,0,0.66,AU,1714269182
517,tokar,18.4254,37.729,27.03,80,63,3.72,SD,1714269182
518,yatou,37.15,122.3833,20.94,49,100,1.71,CN,1714269182
519,chany,55.3121,76.7647,11.0,39,100,6.9,RU,1714269182
520,kharkhorin,47.1975,102.8238,1.37,37,92,4.63,MN,1714269182
521,knik-fairview,61.5126,-149.6001,16.07,33,0,4.12,US,1714269182
522,coahuayana de hidalgo,18.7,-103.6583,22.39,88,10,0.83,MX,1714269183
523,yalta,44.5,34.1667,17.52,64,100,3.56,UA,1714269183
524,illela,13.7292,5.2975,32.02,33,6,3.05,NG,1714269183
525,kone,-21.0595,164.8658,27.84,58,72,1.96,NC,1714269183
526,vanino,49.0869,140.2543,10.51,27,54,1.69,RU,1714269183
527,tual,-5.6667,132.75,29.03,79,100,8.49,ID,1714269183
528,dunedin,-45.8742,170.5036,14.83,61,5,1.74,NZ,1714269183
529,sekong,-6.3996,106.0252,28.07,81,82,1.72,ID,1714269183
530,itaueira,-7.6033,-43.0256,26.86,62,100,2.29,BR,1714269183
531,chibougamau,49.9168,-74.3659,5.79,93,100,3.6,CA,1714269183
532,mugia,43.1041,-9.2179,8.84,65,27,5.61,ES,1714269183
533,pathein,16.7833,94.7333,33.41,51,0,4.09,MM,1714269183
534,rutana,-3.8667,30.1,13.45,98,91,0.71,BI,1714269183
535,eqbaliyeh,35.3022,51.5358,18.9,37,0,3.53,IR,1714269183
536,cadale,2.7603,46.3222,28.23,76,86,7.69,SO,1714269183
537,villeta,5.0089,-74.4723,24.34,97,100,1.15,CO,1714269183
538,berbera,10.4396,45.0143,29.15,79,63,2.18,SO,1714269184
539,grand baie,-20.0182,57.5802,24.14,90,99,0.89,MU,1714269184
540,guarapari,-20.6667,-40.4975,22.16,78,0,3.1,BR,1714269121
541,sarandi del yi,-33.35,-55.6333,9.22,87,4,3.33,UY,1714269184
542,sengiley,53.9622,48.7944,16.04,76,100,2.53,RU,1714269184
543,laguna,38.421,-121.4238,22.6,54,0,5.14,US,1714269184
544,urangan,-25.3,152.9,24.55,81,3,4.02,AU,1714269184
545,santa ana,33.7456,-117.8678,21.89,61,0,4.63,US,1714268913
546,shimla,31.1,77.1667,13.39,59,75,0.0,IN,1714269184
547,grasberg,53.1833,8.9833,12.97,90,100,3.27,DE,1714269184
548,portland,45.5234,-122.6762,13.02,81,100,5.14,US,1714269047
549,jasper,37.2001,-94.3502,23.71,77,75,5.14,US,1714269184
550,isla mujeres,21.2311,-86.731,26.76,83,100,7.1,MX,1714269184
551,crucecita,-28.95,-58.9833,16.45,78,100,6.86,AR,1714269184
552,veinticinco de mayo,-35.4323,-60.1727,8.88,76,0,0.89,AR,1714269184
553,taoru,28.2167,76.95,26.81,26,89,1.81,IN,1714269184
554,katiola,8.1333,-5.1,27.35,84,100,1.94,CI,1714269184
555,manokwari,-0.8667,134.0833,28.94,76,32,3.34,ID,1714269184
556,touros,-5.1989,-35.4608,25.54,88,58,3.03,BR,1714269184
557,asosa,10.0667,34.5333,24.37,32,100,0.1,ET,1714269184
558,floro,61.5996,5.0328,5.04,75,16,3.6,NO,1714269185
559,genhe,50.7833,121.5167,7.0,22,2,4.16,CN,1714269185
560,zaio,34.9428,-2.7329,13.99,80,100,2.08,MA,1714269185
561,kismayo,-0.3582,42.5454,26.83,86,100,6.85,SO,1714269185
562,fergus falls,46.283,-96.0776,9.04,88,100,4.12,US,1714269141
563,cananeia,-25.0147,-47.9267,24.1,77,0,2.22,BR,1714268992
564,wynyard,-41.0,145.7167,15.57,66,97,4.21,AU,1714269185
565,ulladulla,-35.35,150.4667,22.89,46,100,3.24,AU,1714269185
566,newport,51.5877,-2.9984,8.46,85,100,8.35,GB,1714269185
567,hilo,19.7297,-155.09,22.85,98,100,3.6,US,1714269185
568,pekan,3.4836,103.3996,30.67,76,86,0.95,MY,1714269185
569,santiago del estero,-27.7951,-64.2615,18.18,80,100,4.56,AR,1714269040
570,playa del ingles,27.7567,-15.5787,18.55,66,24,4.03,ES,1714269185
571,bikenibeu village,1.3673,173.1241,31.98,74,75,5.14,KI,1714269185
572,weno,7.4515,151.8468,28.75,78,44,9.25,FM,1714269185
